<?xml version="1.0" encoding="utf-8"?>
<customer>
    <digitalUserId>$-CHANNEL_ID</digitalUserId>
    <dateOfBirth>$-DOB</dateOfBirth>
    <cisClientNumber>$-CIS_CLIENT_NO</cisClientNumber>
    <phoneNumber>$-LOGON_PHONE_NO</phoneNumber>
    <mobileRegistrationStatus>$-MOBILE_REG_STATUS</mobileRegistrationStatus>
    <eStatementsRegistrationStatus>$-ESTMT_REG_STATUS</eStatementsRegistrationStatus>
    <lastPayeeAddedDateTime>$-LAST_PAYEE_ADDED</lastPayeeAddedDateTime>
    <lastLogonDateTime>$-LOGON_LAST</lastLogonDateTime>
</customer>