<?xml version="1.0" encoding="UTF-8" standalone="yes"?>
<customer xmlns="http://bankofireland.com/channels/customer/">
    <customerId>$-CHANNEL_ID</customerId>
    <dateOfBirth>$-DOB</dateOfBirth>
    <cisClientNumber>$-CIS_CLIENT_NO</cisClientNumber>
    <loginPhoneNumber>$-LOGON_PHONE_NO</loginPhoneNumber>
    <mobileRegistrationStatus>$-MOBILE_REG_STATUS</mobileRegistrationStatus>
    <eStatementsRegistrationStatus>$-ESTMT_REG_STATUS</eStatementsRegistrationStatus>
    <lastPayeeAddedDateTime>$-{PayeeDate}</lastPayeeAddedDateTime>
    <lastLogonDateTime>$-{logonLast}</lastLogonDateTime>
</customer>