{
  "sourceClientId": "$-{sourceClientId}",
  "eventType": "CARD_TRANSACTION_AUTHENTICATION",
  "pushMessageParams": [
    {
      "parameterName": "PAYEE_ACCOUNT_NUMBER",
      "parameterValue": "$-{maskedPan}"
    },
    {
      "parameterName": "MERCHANT_NAME",
      "parameterValue": "Amazon.com"
    },
    {
      "parameterName": "CURRENCY",
      "parameterValue": "EUR"
    },
    {
      "parameterName": "AMOUNT",
      "parameterValue": "500.00"
    }
  ],
  "user": {
    "identifier": {
      "userId": "$-{customerId}"
    }
  },
  "transaction": {
    "identifier": {
      "transactionId": "cbs-externalClientAuthenticate-accepted"
    }
  },
  "device": {
    "identifier": {
      "udId": "$-{deviceId}"
    }
  }
}